index,Year,Age,Suicides
0,1981,10,0
1,1981,11,0
2,1981,12,2
3,1981,13,2
4,1981,14,1
5,1981,15,20
6,1981,16,31
7,1981,17,36
8,1981,18,49
9,1981,19,56
10,1981,20,58
11,1981,21,58
12,1981,22,62
13,1981,23,89
14,1981,24,77
15,1981,25,72
16,1981,26,69
17,1981,27,84
18,1981,28,87
19,1981,29,96
20,1981,30,98
21,1981,31,92
22,1981,32,92
23,1981,33,84
24,1981,34,84
25,1981,35,90
26,1981,36,93
27,1981,37,85
28,1981,38,98
29,1981,39,68
30,1981,40,85
31,1981,41,81
32,1981,42,89
33,1981,43,97
34,1981,44,87
35,1981,45,98
36,1981,46,63
37,1981,47,98
38,1981,48,88
39,1981,49,107
40,1981,50,112
41,1981,51,116
42,1981,52,106
43,1981,53,103
44,1981,54,100
45,1981,55,110
46,1981,56,107
47,1981,57,110
48,1981,58,112
49,1981,59,118
50,1981,60,123
51,1981,61,122
52,1981,62,75
53,1981,63,75
54,1981,64,84
55,1981,65,90
56,1981,66,78
57,1981,67,109
58,1981,68,101
59,1981,69,86
60,1981,70,74
61,1981,71,80
62,1981,72,87
63,1981,73,89
64,1981,74,87
65,1981,75,79
66,1981,76,65
67,1981,77,57
68,1981,78,55
69,1981,79,47
70,1981,80,40
71,1981,81,45
72,1981,82,29
73,1981,83,26
74,1981,84,23
75,1981,85,23
76,1981,86,14
77,1981,87,12
78,1981,88,7
79,1981,89,7
80,1982,10,0
81,1982,11,0
82,1982,12,0
83,1982,13,4
84,1982,14,3
85,1982,15,10
86,1982,16,24
87,1982,17,30
88,1982,18,35
89,1982,19,52
90,1982,20,73
91,1982,21,60
92,1982,22,58
93,1982,23,68
94,1982,24,82
95,1982,25,71
96,1982,26,92
97,1982,27,80
98,1982,28,86
99,1982,29,85
100,1982,30,71
101,1982,31,81
102,1982,32,98
103,1982,33,77
104,1982,34,101
105,1982,35,106
106,1982,36,86
107,1982,37,91
108,1982,38,82
109,1982,39,80
110,1982,40,72
111,1982,41,91
112,1982,42,82
113,1982,43,80
114,1982,44,97
115,1982,45,91
116,1982,46,96
117,1982,47,86
118,1982,48,89
119,1982,49,118
120,1982,50,79
121,1982,51,96
122,1982,52,111
123,1982,53,101
124,1982,54,95
125,1982,55,110
126,1982,56,124
127,1982,57,110
128,1982,58,90
129,1982,59,112
130,1982,60,95
131,1982,61,102
132,1982,62,106
133,1982,63,72
134,1982,64,83
135,1982,65,79
136,1982,66,96
137,1982,67,103
138,1982,68,95
139,1982,69,79
140,1982,70,88
141,1982,71,73
142,1982,72,86
143,1982,73,84
144,1982,74,86
145,1982,75,71
146,1982,76,66
147,1982,77,62
148,1982,78,56
149,1982,79,44
150,1982,80,43
151,1982,81,47
152,1982,82,35
153,1982,83,26
154,1982,84,30
155,1982,85,21
156,1982,86,24
157,1982,87,14
158,1982,88,12
159,1982,89,9
160,1983,10,0
161,1983,11,0
162,1983,12,0
163,1983,13,4
164,1983,14,4
165,1983,15,10
166,1983,16,16
167,1983,17,26
168,1983,18,48
169,1983,19,56
170,1983,20,72
171,1983,21,75
172,1983,22,67
173,1983,23,54
174,1983,24,78
175,1983,25,68
176,1983,26,73
177,1983,27,83
178,1983,28,70
179,1983,29,81
180,1983,30,65
181,1983,31,81
182,1983,32,85
183,1983,33,86
184,1983,34,78
185,1983,35,110
186,1983,36,93
187,1983,37,99
188,1983,38,99
189,1983,39,93
190,1983,40,97
191,1983,41,83
192,1983,42,84
193,1983,43,86
194,1983,44,84
195,1983,45,104
196,1983,46,77
197,1983,47,92
198,1983,48,80
199,1983,49,93
200,1983,50,91
201,1983,51,97
202,1983,52,96
203,1983,53,102
204,1983,54,92
205,1983,55,115
206,1983,56,90
207,1983,57,106
208,1983,58,93
209,1983,59,92
210,1983,60,102
211,1983,61,102
212,1983,62,109
213,1983,63,125
214,1983,64,61
215,1983,65,62
216,1983,66,81
217,1983,67,100
218,1983,68,101
219,1983,69,73
220,1983,70,67
221,1983,71,80
222,1983,72,86
223,1983,73,92
224,1983,74,67
225,1983,75,75
226,1983,76,72
227,1983,77,57
228,1983,78,52
229,1983,79,62
230,1983,80,42
231,1983,81,41
232,1983,82,31
233,1983,83,28
234,1983,84,28
235,1983,85,21
236,1983,86,12
237,1983,87,19
238,1983,88,18
239,1983,89,7
240,1984,10,0
241,1984,11,0
242,1984,12,0
243,1984,13,1
244,1984,14,1
245,1984,15,16
246,1984,16,13
247,1984,17,35
248,1984,18,44
249,1984,19,56
250,1984,20,54
251,1984,21,78
252,1984,22,70
253,1984,23,52
254,1984,24,89
255,1984,25,84
256,1984,26,66
257,1984,27,69
258,1984,28,85
259,1984,29,82
260,1984,30,73
261,1984,31,67
262,1984,32,69
263,1984,33,96
264,1984,34,103
265,1984,35,95
266,1984,36,93
267,1984,37,118
268,1984,38,97
269,1984,39,104
270,1984,40,86
271,1984,41,98
272,1984,42,94
273,1984,43,84
274,1984,44,91
275,1984,45,124
276,1984,46,84
277,1984,47,87
278,1984,48,89
279,1984,49,103
280,1984,50,100
281,1984,51,76
282,1984,52,96
283,1984,53,107
284,1984,54,109
285,1984,55,93
286,1984,56,89
287,1984,57,110
288,1984,58,105
289,1984,59,91
290,1984,60,101
291,1984,61,101
292,1984,62,105
293,1984,63,100
294,1984,64,104
295,1984,65,79
296,1984,66,57
297,1984,67,66
298,1984,68,81
299,1984,69,81
300,1984,70,69
301,1984,71,79
302,1984,72,87
303,1984,73,82
304,1984,74,74
305,1984,75,78
306,1984,76,81
307,1984,77,54
308,1984,78,57
309,1984,79,43
310,1984,80,60
311,1984,81,42
312,1984,82,35
313,1984,83,34
314,1984,84,25
315,1984,85,14
316,1984,86,10
317,1984,87,14
318,1984,88,12
319,1984,89,12
320,1985,10,0
321,1985,11,0
322,1985,12,0
323,1985,13,2
324,1985,14,1
325,1985,15,8
326,1985,16,15
327,1985,17,35
328,1985,18,47
329,1985,19,66
330,1985,20,71
331,1985,21,79
332,1985,22,81
333,1985,23,93
334,1985,24,81
335,1985,25,86
336,1985,26,79
337,1985,27,72
338,1985,28,92
339,1985,29,83
340,1985,30,95
341,1985,31,88
342,1985,32,84
343,1985,33,100
344,1985,34,79
345,1985,35,97
346,1985,36,96
347,1985,37,97
348,1985,38,101
349,1985,39,86
350,1985,40,124
351,1985,41,93
352,1985,42,95
353,1985,43,88
354,1985,44,86
355,1985,45,102
356,1985,46,101
357,1985,47,89
358,1985,48,96
359,1985,49,99
360,1985,50,85
361,1985,51,86
362,1985,52,88
363,1985,53,104
364,1985,54,101
365,1985,55,106
366,1985,56,97
367,1985,57,95
368,1985,58,101
369,1985,59,102
370,1985,60,101
371,1985,61,114
372,1985,62,97
373,1985,63,115
374,1985,64,101
375,1985,65,110
376,1985,66,88
377,1985,67,86
378,1985,68,77
379,1985,69,77
380,1985,70,72
381,1985,71,86
382,1985,72,77
383,1985,73,83
384,1985,74,84
385,1985,75,76
386,1985,76,76
387,1985,77,52
388,1985,78,52
389,1985,79,73
390,1985,80,51
391,1985,81,50
392,1985,82,36
393,1985,83,41
394,1985,84,24
395,1985,85,23
396,1985,86,20
397,1985,87,11
398,1985,88,11
399,1985,89,6
400,1986,10,0
401,1986,11,0
402,1986,12,0
403,1986,13,1
404,1986,14,2
405,1986,15,17
406,1986,16,17
407,1986,17,34
408,1986,18,55
409,1986,19,61
410,1986,20,86
411,1986,21,80
412,1986,22,95
413,1986,23,102
414,1986,24,74
415,1986,25,73
416,1986,26,101
417,1986,27,96
418,1986,28,89
419,1986,29,77
420,1986,30,77
421,1986,31,76
422,1986,32,94
423,1986,33,91
424,1986,34,91
425,1986,35,89
426,1986,36,71
427,1986,37,97
428,1986,38,103
429,1986,39,124
430,1986,40,97
431,1986,41,78
432,1986,42,93
433,1986,43,93
434,1986,44,80
435,1986,45,88
436,1986,46,89
437,1986,47,79
438,1986,48,95
439,1986,49,86
440,1986,50,97
441,1986,51,84
442,1986,52,93
443,1986,53,102
444,1986,54,89
445,1986,55,79
446,1986,56,82
447,1986,57,89
448,1986,58,92
449,1986,59,91
450,1986,60,95
451,1986,61,90
452,1986,62,104
453,1986,63,109
454,1986,64,83
455,1986,65,113
456,1986,66,108
457,1986,67,62
458,1986,68,59
459,1986,69,64
460,1986,70,85
461,1986,71,84
462,1986,72,81
463,1986,73,71
464,1986,74,72
465,1986,75,79
466,1986,76,89
467,1986,77,63
468,1986,78,62
469,1986,79,44
470,1986,80,45
471,1986,81,50
472,1986,82,53
473,1986,83,41
474,1986,84,23
475,1986,85,23
476,1986,86,22
477,1986,87,10
478,1986,88,6
479,1986,89,6
480,1987,10,0
481,1987,11,1
482,1987,12,0
483,1987,13,1
484,1987,14,4
485,1987,15,14
486,1987,16,28
487,1987,17,40
488,1987,18,62
489,1987,19,64
490,1987,20,98
491,1987,21,99
492,1987,22,101
493,1987,23,89
494,1987,24,93
495,1987,25,98
496,1987,26,96
497,1987,27,88
498,1987,28,86
499,1987,29,71
500,1987,30,97
501,1987,31,97
502,1987,32,81
503,1987,33,106
504,1987,34,82
505,1987,35,81
506,1987,36,95
507,1987,37,90
508,1987,38,93
509,1987,39,105
510,1987,40,107
511,1987,41,85
512,1987,42,98
513,1987,43,97
514,1987,44,89
515,1987,45,88
516,1987,46,97
517,1987,47,95
518,1987,48,89
519,1987,49,86
520,1987,50,101
521,1987,51,73
522,1987,52,69
523,1987,53,70
524,1987,54,83
525,1987,55,71
526,1987,56,87
527,1987,57,80
528,1987,58,75
529,1987,59,105
530,1987,60,86
531,1987,61,86
532,1987,62,102
533,1987,63,102
534,1987,64,71
535,1987,65,87
536,1987,66,101
537,1987,67,72
538,1987,68,68
539,1987,69,62
540,1987,70,68
541,1987,71,72
542,1987,72,74
543,1987,73,52
544,1987,74,66
545,1987,75,72
546,1987,76,62
547,1987,77,45
548,1987,78,37
549,1987,79,36
550,1987,80,55
551,1987,81,43
552,1987,82,35
553,1987,83,31
554,1987,84,33
555,1987,85,20
556,1987,86,23
557,1987,87,14
558,1987,88,14
559,1987,89,11
560,1988,10,0
561,1988,11,0
562,1988,12,1
563,1988,13,1
564,1988,14,2
565,1988,15,24
566,1988,16,18
567,1988,17,50
568,1988,18,69
569,1988,19,73
570,1988,20,113
571,1988,21,103
572,1988,22,101
573,1988,23,116
574,1988,24,102
575,1988,25,96
576,1988,26,107
577,1988,27,104
578,1988,28,91
579,1988,29,88
580,1988,30,97
581,1988,31,109
582,1988,32,96
583,1988,33,102
584,1988,34,105
585,1988,35,103
586,1988,36,117
587,1988,37,107
588,1988,38,93
589,1988,39,126
590,1988,40,112
591,1988,41,111
592,1988,42,115
593,1988,43,96
594,1988,44,113
595,1988,45,90
596,1988,46,76
597,1988,47,73
598,1988,48,89
599,1988,49,81
600,1988,50,95
601,1988,51,83
602,1988,52,85
603,1988,53,85
604,1988,54,74
605,1988,55,77
606,1988,56,81
607,1988,57,84
608,1988,58,99
609,1988,59,75
610,1988,60,69
611,1988,61,67
612,1988,62,96
613,1988,63,79
614,1988,64,73
615,1988,65,75
616,1988,66,83
617,1988,67,99
618,1988,68,79
619,1988,69,58
620,1988,70,58
621,1988,71,62
622,1988,72,72
623,1988,73,72
624,1988,74,76
625,1988,75,66
626,1988,76,72
627,1988,77,69
628,1988,78,54
629,1988,79,73
630,1988,80,54
631,1988,81,58
632,1988,82,35
633,1988,83,53
634,1988,84,32
635,1988,85,28
636,1988,86,28
637,1988,87,20
638,1988,88,14
639,1988,89,10
640,1989,10,0
641,1989,11,0
642,1989,12,0
643,1989,13,0
644,1989,14,1
645,1989,15,8
646,1989,16,28
647,1989,17,37
648,1989,18,63
649,1989,19,76
650,1989,20,71
651,1989,21,102
652,1989,22,102
653,1989,23,97
654,1989,24,133
655,1989,25,117
656,1989,26,94
657,1989,27,99
658,1989,28,101
659,1989,29,106
660,1989,30,88
661,1989,31,109
662,1989,32,96
663,1989,33,99
664,1989,34,89
665,1989,35,98
666,1989,36,96
667,1989,37,90
668,1989,38,87
669,1989,39,96
670,1989,40,100
671,1989,41,97
672,1989,42,94
673,1989,43,95
674,1989,44,89
675,1989,45,97
676,1989,46,94
677,1989,47,81
678,1989,48,78
679,1989,49,58
680,1989,50,77
681,1989,51,87
682,1989,52,68
683,1989,53,88
684,1989,54,71
685,1989,55,83
686,1989,56,87
687,1989,57,73
688,1989,58,75
689,1989,59,71
690,1989,60,69
691,1989,61,56
692,1989,62,60
693,1989,63,68
694,1989,64,64
695,1989,65,85
696,1989,66,61
697,1989,67,53
698,1989,68,64
699,1989,69,70
700,1989,70,41
701,1989,71,44
702,1989,72,57
703,1989,73,48
704,1989,74,46
705,1989,75,73
706,1989,76,53
707,1989,77,44
708,1989,78,63
709,1989,79,40
710,1989,80,47
711,1989,81,44
712,1989,82,41
713,1989,83,26
714,1989,84,25
715,1989,85,28
716,1989,86,22
717,1989,87,16
718,1989,88,9
719,1989,89,16
720,1990,10,0
721,1990,11,0
722,1990,12,0
723,1990,13,0
724,1990,14,2
725,1990,15,13
726,1990,16,16
727,1990,17,32
728,1990,18,62
729,1990,19,70
730,1990,20,82
731,1990,21,102
732,1990,22,112
733,1990,23,140
734,1990,24,116
735,1990,25,128
736,1990,26,120
737,1990,27,123
738,1990,28,110
739,1990,29,118
740,1990,30,105
741,1990,31,92
742,1990,32,98
743,1990,33,84
744,1990,34,94
745,1990,35,110
746,1990,36,97
747,1990,37,109
748,1990,38,103
749,1990,39,90
750,1990,40,120
751,1990,41,100
752,1990,42,122
753,1990,43,127
754,1990,44,81
755,1990,45,99
756,1990,46,110
757,1990,47,88
758,1990,48,83
759,1990,49,80
760,1990,50,78
761,1990,51,89
762,1990,52,70
763,1990,53,82
764,1990,54,68
765,1990,55,76
766,1990,56,82
767,1990,57,58
768,1990,58,68
769,1990,59,59
770,1990,60,59
771,1990,61,67
772,1990,62,58
773,1990,63,67
774,1990,64,70
775,1990,65,66
776,1990,66,66
777,1990,67,60
778,1990,68,76
779,1990,69,72
780,1990,70,64
781,1990,71,36
782,1990,72,46
783,1990,73,55
784,1990,74,55
785,1990,75,54
786,1990,76,49
787,1990,77,52
788,1990,78,47
789,1990,79,41
790,1990,80,43
791,1990,81,37
792,1990,82,34
793,1990,83,30
794,1990,84,31
795,1990,85,29
796,1990,86,32
797,1990,87,15
798,1990,88,10
799,1990,89,13
800,1991,10,0
801,1991,11,0
802,1991,12,2
803,1991,13,0
804,1991,14,1
805,1991,15,13
806,1991,16,19
807,1991,17,40
808,1991,18,52
809,1991,19,76
810,1991,20,66
811,1991,21,93
812,1991,22,93
813,1991,23,134
814,1991,24,124
815,1991,25,124
816,1991,26,122
817,1991,27,110
818,1991,28,106
819,1991,29,111
820,1991,30,111
821,1991,31,124
822,1991,32,110
823,1991,33,98
824,1991,34,113
825,1991,35,111
826,1991,36,113
827,1991,37,93
828,1991,38,110
829,1991,39,99
830,1991,40,122
831,1991,41,104
832,1991,42,123
833,1991,43,107
834,1991,44,108
835,1991,45,120
836,1991,46,107
837,1991,47,114
838,1991,48,79
839,1991,49,88
840,1991,50,89
841,1991,51,75
842,1991,52,93
843,1991,53,66
844,1991,54,70
845,1991,55,77
846,1991,56,59
847,1991,57,65
848,1991,58,66
849,1991,59,66
850,1991,60,61
851,1991,61,66
852,1991,62,49
853,1991,63,64
854,1991,64,51
855,1991,65,53
856,1991,66,52
857,1991,67,65
858,1991,68,62
859,1991,69,48
860,1991,70,57
861,1991,71,51
862,1991,72,33
863,1991,73,36
864,1991,74,43
865,1991,75,50
866,1991,76,45
867,1991,77,49
868,1991,78,39
869,1991,79,35
870,1991,80,53
871,1991,81,33
872,1991,82,35
873,1991,83,30
874,1991,84,26
875,1991,85,28
876,1991,86,26
877,1991,87,14
878,1991,88,14
879,1991,89,11
880,1992,10,0
881,1992,11,0
882,1992,12,0
883,1992,13,0
884,1992,14,1
885,1992,15,9
886,1992,16,13
887,1992,17,24
888,1992,18,47
889,1992,19,71
890,1992,20,82
891,1992,21,95
892,1992,22,102
893,1992,23,119
894,1992,24,131
895,1992,25,102
896,1992,26,119
897,1992,27,120
898,1992,28,137
899,1992,29,107
900,1992,30,103
901,1992,31,113
902,1992,32,103
903,1992,33,113
904,1992,34,100
905,1992,35,108
906,1992,36,91
907,1992,37,100
908,1992,38,113
909,1992,39,95
910,1992,40,99
911,1992,41,113
912,1992,42,111
913,1992,43,101
914,1992,44,113
915,1992,45,92
916,1992,46,126
917,1992,47,118
918,1992,48,98
919,1992,49,101
920,1992,50,72
921,1992,51,71
922,1992,52,100
923,1992,53,83
924,1992,54,59
925,1992,55,68
926,1992,56,70
927,1992,57,73
928,1992,58,70
929,1992,59,59
930,1992,60,69
931,1992,61,52
932,1992,62,50
933,1992,63,63
934,1992,64,82
935,1992,65,55
936,1992,66,62
937,1992,67,48
938,1992,68,56
939,1992,69,59
940,1992,70,67
941,1992,71,61
942,1992,72,56
943,1992,73,54
944,1992,74,42
945,1992,75,40
946,1992,76,41
947,1992,77,43
948,1992,78,41
949,1992,79,32
950,1992,80,41
951,1992,81,33
952,1992,82,28
953,1992,83,32
954,1992,84,29
955,1992,85,21
956,1992,86,15
957,1992,87,12
958,1992,88,13
959,1992,89,11
960,1993,10,0
961,1993,11,1
962,1993,12,0
963,1993,13,1
964,1993,14,2
965,1993,15,8
966,1993,16,17
967,1993,17,30
968,1993,18,47
969,1993,19,47
970,1993,20,112
971,1993,21,109
972,1993,22,115
973,1993,23,89
974,1993,24,106
975,1993,25,113
976,1993,26,111
977,1993,27,110
978,1993,28,113
979,1993,29,111
980,1993,30,106
981,1993,31,103
982,1993,32,89
983,1993,33,107
984,1993,34,96
985,1993,35,98
986,1993,36,97
987,1993,37,82
988,1993,38,111
989,1993,39,85
990,1993,40,105
991,1993,41,98
992,1993,42,109
993,1993,43,98
994,1993,44,98
995,1993,45,113
996,1993,46,112
997,1993,47,94
998,1993,48,87
999,1993,49,102
1000,1993,50,81
1001,1993,51,79
1002,1993,52,71
1003,1993,53,82
1004,1993,54,58
1005,1993,55,78
1006,1993,56,72
1007,1993,57,61
1008,1993,58,75
1009,1993,59,50
1010,1993,60,47
1011,1993,61,50
1012,1993,62,56
1013,1993,63,56
1014,1993,64,44
1015,1993,65,44
1016,1993,66,48
1017,1993,67,60
1018,1993,68,61
1019,1993,69,60
1020,1993,70,39
1021,1993,71,46
1022,1993,72,46
1023,1993,73,41
1024,1993,74,44
1025,1993,75,39
1026,1993,76,44
1027,1993,77,36
1028,1993,78,26
1029,1993,79,49
1030,1993,80,35
1031,1993,81,34
1032,1993,82,35
1033,1993,83,31
1034,1993,84,28
1035,1993,85,27
1036,1993,86,21
1037,1993,87,19
1038,1993,88,17
1039,1993,89,14
1040,1994,10,0
1041,1994,11,0
1042,1994,12,1
1043,1994,13,3
1044,1994,14,5
1045,1994,15,8
1046,1994,16,20
1047,1994,17,33
1048,1994,18,31
1049,1994,19,49
1050,1994,20,63
1051,1994,21,95
1052,1994,22,109
1053,1994,23,101
1054,1994,24,116
1055,1994,25,110
1056,1994,26,134
1057,1994,27,112
1058,1994,28,116
1059,1994,29,122
1060,1994,30,124
1061,1994,31,128
1062,1994,32,101
1063,1994,33,130
1064,1994,34,110
1065,1994,35,92
1066,1994,36,89
1067,1994,37,95
1068,1994,38,90
1069,1994,39,90
1070,1994,40,81
1071,1994,41,102
1072,1994,42,79
1073,1994,43,89
1074,1994,44,93
1075,1994,45,81
1076,1994,46,97
1077,1994,47,80
1078,1994,48,80
1079,1994,49,83
1080,1994,50,82
1081,1994,51,77
1082,1994,52,67
1083,1994,53,81
1084,1994,54,72
1085,1994,55,57
1086,1994,56,62
1087,1994,57,63
1088,1994,58,54
1089,1994,59,51
1090,1994,60,49
1091,1994,61,68
1092,1994,62,52
1093,1994,63,48
1094,1994,64,56
1095,1994,65,44
1096,1994,66,53
1097,1994,67,61
1098,1994,68,47
1099,1994,69,42
1100,1994,70,54
1101,1994,71,48
1102,1994,72,39
1103,1994,73,48
1104,1994,74,53
1105,1994,75,28
1106,1994,76,40
1107,1994,77,39
1108,1994,78,31
1109,1994,79,43
1110,1994,80,51
1111,1994,81,36
1112,1994,82,30
1113,1994,83,37
1114,1994,84,24
1115,1994,85,34
1116,1994,86,24
1117,1994,87,23
1118,1994,88,12
1119,1994,89,19
1120,1995,10,0
1121,1995,11,0
1122,1995,12,0
1123,1995,13,1
1124,1995,14,4
1125,1995,15,7
1126,1995,16,15
1127,1995,17,21
1128,1995,18,40
1129,1995,19,62
1130,1995,20,76
1131,1995,21,93
1132,1995,22,83
1133,1995,23,102
1134,1995,24,99
1135,1995,25,100
1136,1995,26,112
1137,1995,27,143
1138,1995,28,113
1139,1995,29,125
1140,1995,30,119
1141,1995,31,102
1142,1995,32,131
1143,1995,33,123
1144,1995,34,101
1145,1995,35,112
1146,1995,36,93
1147,1995,37,102
1148,1995,38,100
1149,1995,39,105
1150,1995,40,115
1151,1995,41,122
1152,1995,42,101
1153,1995,43,109
1154,1995,44,107
1155,1995,45,107
1156,1995,46,75
1157,1995,47,99
1158,1995,48,77
1159,1995,49,89
1160,1995,50,84
1161,1995,51,86
1162,1995,52,74
1163,1995,53,83
1164,1995,54,62
1165,1995,55,62
1166,1995,56,86
1167,1995,57,64
1168,1995,58,49
1169,1995,59,51
1170,1995,60,59
1171,1995,61,57
1172,1995,62,42
1173,1995,63,55
1174,1995,64,42
1175,1995,65,49
1176,1995,66,35
1177,1995,67,47
1178,1995,68,43
1179,1995,69,43
1180,1995,70,36
1181,1995,71,43
1182,1995,72,44
1183,1995,73,48
1184,1995,74,31
1185,1995,75,35
1186,1995,76,28
1187,1995,77,30
1188,1995,78,48
1189,1995,79,38
1190,1995,80,42
1191,1995,81,30
1192,1995,82,30
1193,1995,83,30
1194,1995,84,25
1195,1995,85,22
1196,1995,86,20
1197,1995,87,16
1198,1995,88,20
1199,1995,89,14
1200,1996,10,0
1201,1996,11,0
1202,1996,12,0
1203,1996,13,2
1204,1996,14,1
1205,1996,15,13
1206,1996,16,21
1207,1996,17,23
1208,1996,18,63
1209,1996,19,49
1210,1996,20,51
1211,1996,21,76
1212,1996,22,78
1213,1996,23,93
1214,1996,24,92
1215,1996,25,100
1216,1996,26,115
1217,1996,27,106
1218,1996,28,128
1219,1996,29,103
1220,1996,30,122
1221,1996,31,130
1222,1996,32,150
1223,1996,33,110
1224,1996,34,121
1225,1996,35,89
1226,1996,36,97
1227,1996,37,97
1228,1996,38,102
1229,1996,39,92
1230,1996,40,108
1231,1996,41,100
1232,1996,42,94
1233,1996,43,95
1234,1996,44,83
1235,1996,45,103
1236,1996,46,92
1237,1996,47,84
1238,1996,48,95
1239,1996,49,103
1240,1996,50,79
1241,1996,51,75
1242,1996,52,73
1243,1996,53,55
1244,1996,54,61
1245,1996,55,60
1246,1996,56,63
1247,1996,57,69
1248,1996,58,60
1249,1996,59,45
1250,1996,60,43
1251,1996,61,44
1252,1996,62,39
1253,1996,63,38
1254,1996,64,46
1255,1996,65,48
1256,1996,66,32
1257,1996,67,43
1258,1996,68,39
1259,1996,69,37
1260,1996,70,43
1261,1996,71,42
1262,1996,72,50
1263,1996,73,44
1264,1996,74,48
1265,1996,75,48
1266,1996,76,33
1267,1996,77,30
1268,1996,78,23
1269,1996,79,35
1270,1996,80,42
1271,1996,81,24
1272,1996,82,27
1273,1996,83,37
1274,1996,84,25
1275,1996,85,16
1276,1996,86,22
1277,1996,87,25
1278,1996,88,21
1279,1996,89,8
1280,1997,10,0
1281,1997,11,0
1282,1997,12,0
1283,1997,13,0
1284,1997,14,2
1285,1997,15,10
1286,1997,16,28
1287,1997,17,26
1288,1997,18,48
1289,1997,19,58
1290,1997,20,73
1291,1997,21,89
1292,1997,22,80
1293,1997,23,75
1294,1997,24,103
1295,1997,25,114
1296,1997,26,105
1297,1997,27,107
1298,1997,28,108
1299,1997,29,108
1300,1997,30,109
1301,1997,31,119
1302,1997,32,111
1303,1997,33,126
1304,1997,34,104
1305,1997,35,110
1306,1997,36,91
1307,1997,37,106
1308,1997,38,94
1309,1997,39,105
1310,1997,40,87
1311,1997,41,89
1312,1997,42,84
1313,1997,43,91
1314,1997,44,85
1315,1997,45,91
1316,1997,46,88
1317,1997,47,96
1318,1997,48,99
1319,1997,49,108
1320,1997,50,95
1321,1997,51,73
1322,1997,52,70
1323,1997,53,77
1324,1997,54,60
1325,1997,55,45
1326,1997,56,59
1327,1997,57,70
1328,1997,58,61
1329,1997,59,52
1330,1997,60,46
1331,1997,61,62
1332,1997,62,35
1333,1997,63,41
1334,1997,64,46
1335,1997,65,36
1336,1997,66,52
1337,1997,67,41
1338,1997,68,29
1339,1997,69,36
1340,1997,70,31
1341,1997,71,39
1342,1997,72,40
1343,1997,73,38
1344,1997,74,47
1345,1997,75,40
1346,1997,76,39
1347,1997,77,28
1348,1997,78,28
1349,1997,79,25
1350,1997,80,25
1351,1997,81,30
1352,1997,82,24
1353,1997,83,27
1354,1997,84,20
1355,1997,85,21
1356,1997,86,21
1357,1997,87,18
1358,1997,88,16
1359,1997,89,13
1360,1998,10,0
1361,1998,11,0
1362,1998,12,0
1363,1998,13,2
1364,1998,14,5
1365,1998,15,8
1366,1998,16,24
1367,1998,17,44
1368,1998,18,46
1369,1998,19,72
1370,1998,20,69
1371,1998,21,80
1372,1998,22,91
1373,1998,23,107
1374,1998,24,110
1375,1998,25,97
1376,1998,26,148
1377,1998,27,119
1378,1998,28,130
1379,1998,29,138
1380,1998,30,150
1381,1998,31,147
1382,1998,32,140
1383,1998,33,154
1384,1998,34,128
1385,1998,35,134
1386,1998,36,107
1387,1998,37,100
1388,1998,38,107
1389,1998,39,106
1390,1998,40,112
1391,1998,41,101
1392,1998,42,78
1393,1998,43,97
1394,1998,44,106
1395,1998,45,97
1396,1998,46,103
1397,1998,47,104
1398,1998,48,84
1399,1998,49,96
1400,1998,50,106
1401,1998,51,84
1402,1998,52,83
1403,1998,53,74
1404,1998,54,88
1405,1998,55,79
1406,1998,56,59
1407,1998,57,55
1408,1998,58,65
1409,1998,59,56
1410,1998,60,60
1411,1998,61,53
1412,1998,62,35
1413,1998,63,51
1414,1998,64,41
1415,1998,65,49
1416,1998,66,40
1417,1998,67,45
1418,1998,68,49
1419,1998,69,49
1420,1998,70,32
1421,1998,71,23
1422,1998,72,40
1423,1998,73,37
1424,1998,74,30
1425,1998,75,37
1426,1998,76,41
1427,1998,77,46
1428,1998,78,40
1429,1998,79,20
1430,1998,80,20
1431,1998,81,20
1432,1998,82,27
1433,1998,83,31
1434,1998,84,19
1435,1998,85,15
1436,1998,86,20
1437,1998,87,13
1438,1998,88,13
1439,1998,89,14
1440,1999,10,0
1441,1999,11,0
1442,1999,12,0
1443,1999,13,1
1444,1999,14,1
1445,1999,15,6
1446,1999,16,18
1447,1999,17,42
1448,1999,18,53
1449,1999,19,55
1450,1999,20,47
1451,1999,21,68
1452,1999,22,78
1453,1999,23,93
1454,1999,24,90
1455,1999,25,91
1456,1999,26,93
1457,1999,27,129
1458,1999,28,131
1459,1999,29,120
1460,1999,30,128
1461,1999,31,110
1462,1999,32,134
1463,1999,33,137
1464,1999,34,132
1465,1999,35,153
1466,1999,36,120
1467,1999,37,121
1468,1999,38,116
1469,1999,39,97
1470,1999,40,104
1471,1999,41,106
1472,1999,42,92
1473,1999,43,110
1474,1999,44,96
1475,1999,45,104
1476,1999,46,87
1477,1999,47,101
1478,1999,48,76
1479,1999,49,95
1480,1999,50,99
1481,1999,51,81
1482,1999,52,104
1483,1999,53,73
1484,1999,54,80
1485,1999,55,76
1486,1999,56,81
1487,1999,57,57
1488,1999,58,48
1489,1999,59,56
1490,1999,60,58
1491,1999,61,48
1492,1999,62,39
1493,1999,63,54
1494,1999,64,56
1495,1999,65,45
1496,1999,66,42
1497,1999,67,51
1498,1999,68,39
1499,1999,69,46
1500,1999,70,40
1501,1999,71,42
1502,1999,72,36
1503,1999,73,43
1504,1999,74,45
1505,1999,75,42
1506,1999,76,35
1507,1999,77,38
1508,1999,78,43
1509,1999,79,44
1510,1999,80,23
1511,1999,81,22
1512,1999,82,26
1513,1999,83,33
1514,1999,84,20
1515,1999,85,23
1516,1999,86,26
1517,1999,87,30
1518,1999,88,14
1519,1999,89,8
1520,2000,10,0
1521,2000,11,0
1522,2000,12,0
1523,2000,13,0
1524,2000,14,1
1525,2000,15,17
1526,2000,16,16
1527,2000,17,24
1528,2000,18,58
1529,2000,19,54
1530,2000,20,72
1531,2000,21,69
1532,2000,22,79
1533,2000,23,89
1534,2000,24,77
1535,2000,25,86
1536,2000,26,81
1537,2000,27,119
1538,2000,28,127
1539,2000,29,124
1540,2000,30,104
1541,2000,31,122
1542,2000,32,117
1543,2000,33,136
1544,2000,34,108
1545,2000,35,115
1546,2000,36,138
1547,2000,37,124
1548,2000,38,126
1549,2000,39,110
1550,2000,40,102
1551,2000,41,104
1552,2000,42,95
1553,2000,43,94
1554,2000,44,83
1555,2000,45,100
1556,2000,46,100
1557,2000,47,100
1558,2000,48,87
1559,2000,49,94
1560,2000,50,104
1561,2000,51,83
1562,2000,52,75
1563,2000,53,93
1564,2000,54,75
1565,2000,55,62
1566,2000,56,80
1567,2000,57,74
1568,2000,58,62
1569,2000,59,61
1570,2000,60,51
1571,2000,61,38
1572,2000,62,44
1573,2000,63,39
1574,2000,64,47
1575,2000,65,44
1576,2000,66,41
1577,2000,67,49
1578,2000,68,38
1579,2000,69,33
1580,2000,70,46
1581,2000,71,34
1582,2000,72,33
1583,2000,73,46
1584,2000,74,42
1585,2000,75,35
1586,2000,76,32
1587,2000,77,31
1588,2000,78,46
1589,2000,79,31
1590,2000,80,21
1591,2000,81,24
1592,2000,82,20
1593,2000,83,24
1594,2000,84,23
1595,2000,85,24
1596,2000,86,31
1597,2000,87,21
1598,2000,88,15
1599,2000,89,12
1600,2001,10,0
1601,2001,11,0
1602,2001,12,0
1603,2001,13,2
1604,2001,14,3
1605,2001,15,4
1606,2001,16,14
1607,2001,17,47
1608,2001,18,49
1609,2001,19,66
1610,2001,20,62
1611,2001,21,70
1612,2001,22,58
1613,2001,23,61
1614,2001,24,75
1615,2001,25,83
1616,2001,26,84
1617,2001,27,87
1618,2001,28,80
1619,2001,29,115
1620,2001,30,92
1621,2001,31,118
1622,2001,32,115
1623,2001,33,120
1624,2001,34,137
1625,2001,35,124
1626,2001,36,112
1627,2001,37,105
1628,2001,38,110
1629,2001,39,118
1630,2001,40,109
1631,2001,41,103
1632,2001,42,86
1633,2001,43,95
1634,2001,44,85
1635,2001,45,94
1636,2001,46,82
1637,2001,47,91
1638,2001,48,100
1639,2001,49,96
1640,2001,50,94
1641,2001,51,95
1642,2001,52,66
1643,2001,53,94
1644,2001,54,105
1645,2001,55,88
1646,2001,56,75
1647,2001,57,79
1648,2001,58,55
1649,2001,59,57
1650,2001,60,43
1651,2001,61,56
1652,2001,62,44
1653,2001,63,47
1654,2001,64,50
1655,2001,65,34
1656,2001,66,36
1657,2001,67,40
1658,2001,68,40
1659,2001,69,35
1660,2001,70,30
1661,2001,71,44
1662,2001,72,44
1663,2001,73,43
1664,2001,74,30
1665,2001,75,37
1666,2001,76,40
1667,2001,77,39
1668,2001,78,34
1669,2001,79,28
1670,2001,80,25
1671,2001,81,24
1672,2001,82,24
1673,2001,83,20
1674,2001,84,20
1675,2001,85,25
1676,2001,86,22
1677,2001,87,20
1678,2001,88,13
1679,2001,89,7
1680,2002,10,0
1681,2002,11,0
1682,2002,12,0
1683,2002,13,2
1684,2002,14,5
1685,2002,15,12
1686,2002,16,19
1687,2002,17,30
1688,2002,18,38
1689,2002,19,53
1690,2002,20,56
1691,2002,21,56
1692,2002,22,67
1693,2002,23,76
1694,2002,24,68
1695,2002,25,79
1696,2002,26,83
1697,2002,27,81
1698,2002,28,104
1699,2002,29,112
1700,2002,30,110
1701,2002,31,100
1702,2002,32,112
1703,2002,33,118
1704,2002,34,110
1705,2002,35,117
1706,2002,36,121
1707,2002,37,143
1708,2002,38,107
1709,2002,39,106
1710,2002,40,100
1711,2002,41,111
1712,2002,42,92
1713,2002,43,120
1714,2002,44,87
1715,2002,45,94
1716,2002,46,92
1717,2002,47,87
1718,2002,48,82
1719,2002,49,89
1720,2002,50,105
1721,2002,51,76
1722,2002,52,67
1723,2002,53,83
1724,2002,54,77
1725,2002,55,80
1726,2002,56,67
1727,2002,57,69
1728,2002,58,77
1729,2002,59,59
1730,2002,60,53
1731,2002,61,40
1732,2002,62,48
1733,2002,63,43
1734,2002,64,27
1735,2002,65,41
1736,2002,66,39
1737,2002,67,42
1738,2002,68,34
1739,2002,69,44
1740,2002,70,32
1741,2002,71,41
1742,2002,72,31
1743,2002,73,33
1744,2002,74,27
1745,2002,75,20
1746,2002,76,26
1747,2002,77,32
1748,2002,78,24
1749,2002,79,34
1750,2002,80,38
1751,2002,81,32
1752,2002,82,21
1753,2002,83,10
1754,2002,84,17
1755,2002,85,25
1756,2002,86,19
1757,2002,87,17
1758,2002,88,16
1759,2002,89,12
1760,2003,10,0
1761,2003,11,0
1762,2003,12,0
1763,2003,13,1
1764,2003,14,1
1765,2003,15,8
1766,2003,16,20
1767,2003,17,31
1768,2003,18,39
1769,2003,19,44
1770,2003,20,67
1771,2003,21,57
1772,2003,22,76
1773,2003,23,90
1774,2003,24,60
1775,2003,25,73
1776,2003,26,70
1777,2003,27,73
1778,2003,28,82
1779,2003,29,99
1780,2003,30,100
1781,2003,31,106
1782,2003,32,110
1783,2003,33,110
1784,2003,34,131
1785,2003,35,109
1786,2003,36,119
1787,2003,37,111
1788,2003,38,123
1789,2003,39,128
1790,2003,40,115
1791,2003,41,107
1792,2003,42,100
1793,2003,43,118
1794,2003,44,111
1795,2003,45,93
1796,2003,46,109
1797,2003,47,77
1798,2003,48,86
1799,2003,49,80
1800,2003,50,87
1801,2003,51,69
1802,2003,52,86
1803,2003,53,69
1804,2003,54,91
1805,2003,55,93
1806,2003,56,67
1807,2003,57,57
1808,2003,58,82
1809,2003,59,61
1810,2003,60,41
1811,2003,61,47
1812,2003,62,51
1813,2003,63,52
1814,2003,64,47
1815,2003,65,33
1816,2003,66,35
1817,2003,67,35
1818,2003,68,40
1819,2003,69,26
1820,2003,70,34
1821,2003,71,35
1822,2003,72,37
1823,2003,73,39
1824,2003,74,33
1825,2003,75,41
1826,2003,76,36
1827,2003,77,27
1828,2003,78,33
1829,2003,79,38
1830,2003,80,16
1831,2003,81,37
1832,2003,82,31
1833,2003,83,24
1834,2003,84,19
1835,2003,85,10
1836,2003,86,13
1837,2003,87,13
1838,2003,88,20
1839,2003,89,8
1840,2004,10,0
1841,2004,11,0
1842,2004,12,0
1843,2004,13,2
1844,2004,14,1
1845,2004,15,9
1846,2004,16,17
1847,2004,17,29
1848,2004,18,46
1849,2004,19,59
1850,2004,20,48
1851,2004,21,61
1852,2004,22,68
1853,2004,23,67
1854,2004,24,72
1855,2004,25,77
1856,2004,26,79
1857,2004,27,75
1858,2004,28,71
1859,2004,29,92
1860,2004,30,96
1861,2004,31,84
1862,2004,32,122
1863,2004,33,100
1864,2004,34,100
1865,2004,35,100
1866,2004,36,119
1867,2004,37,124
1868,2004,38,121
1869,2004,39,132
1870,2004,40,108
1871,2004,41,103
1872,2004,42,124
1873,2004,43,105
1874,2004,44,115
1875,2004,45,94
1876,2004,46,98
1877,2004,47,102
1878,2004,48,89
1879,2004,49,78
1880,2004,50,90
1881,2004,51,88
1882,2004,52,85
1883,2004,53,85
1884,2004,54,80
1885,2004,55,78
1886,2004,56,84
1887,2004,57,90
1888,2004,58,60
1889,2004,59,62
1890,2004,60,49
1891,2004,61,63
1892,2004,62,41
1893,2004,63,32
1894,2004,64,49
1895,2004,65,43
1896,2004,66,50
1897,2004,67,43
1898,2004,68,38
1899,2004,69,52
1900,2004,70,35
1901,2004,71,35
1902,2004,72,40
1903,2004,73,27
1904,2004,74,33
1905,2004,75,30
1906,2004,76,26
1907,2004,77,45
1908,2004,78,29
1909,2004,79,35
1910,2004,80,22
1911,2004,81,34
1912,2004,82,31
1913,2004,83,37
1914,2004,84,26
1915,2004,85,19
1916,2004,86,12
1917,2004,87,22
1918,2004,88,15
1919,2004,89,14
1920,2005,10,0
1921,2005,11,0
1922,2005,12,0
1923,2005,13,2
1924,2005,14,1
1925,2005,15,7
1926,2005,16,22
1927,2005,17,24
1928,2005,18,44
1929,2005,19,48
1930,2005,20,52
1931,2005,21,55
1932,2005,22,59
1933,2005,23,73
1934,2005,24,61
1935,2005,25,61
1936,2005,26,81
1937,2005,27,65
1938,2005,28,63
1939,2005,29,72
1940,2005,30,98
1941,2005,31,85
1942,2005,32,97
1943,2005,33,100
1944,2005,34,108
1945,2005,35,114
1946,2005,36,111
1947,2005,37,120
1948,2005,38,112
1949,2005,39,119
1950,2005,40,101
1951,2005,41,112
1952,2005,42,108
1953,2005,43,122
1954,2005,44,112
1955,2005,45,99
1956,2005,46,102
1957,2005,47,88
1958,2005,48,109
1959,2005,49,112
1960,2005,50,100
1961,2005,51,73
1962,2005,52,99
1963,2005,53,87
1964,2005,54,61
1965,2005,55,81
1966,2005,56,65
1967,2005,57,91
1968,2005,58,79
1969,2005,59,60
1970,2005,60,58
1971,2005,61,66
1972,2005,62,44
1973,2005,63,46
1974,2005,64,43
1975,2005,65,41
1976,2005,66,38
1977,2005,67,40
1978,2005,68,32
1979,2005,69,35
1980,2005,70,24
1981,2005,71,39
1982,2005,72,35
1983,2005,73,32
1984,2005,74,22
1985,2005,75,33
1986,2005,76,27
1987,2005,77,20
1988,2005,78,22
1989,2005,79,20
1990,2005,80,37
1991,2005,81,26
1992,2005,82,21
1993,2005,83,23
1994,2005,84,31
1995,2005,85,21
1996,2005,86,24
1997,2005,87,16
1998,2005,88,12
1999,2005,89,11
2000,2006,10,0
2001,2006,11,0
2002,2006,12,0
2003,2006,13,3
2004,2006,14,0
2005,2006,15,8
2006,2006,16,14
2007,2006,17,32
2008,2006,18,30
2009,2006,19,37
2010,2006,20,49
2011,2006,21,56
2012,2006,22,64
2013,2006,23,55
2014,2006,24,54
2015,2006,25,73
2016,2006,26,63
2017,2006,27,73
2018,2006,28,64
2019,2006,29,61
2020,2006,30,64
2021,2006,31,92
2022,2006,32,82
2023,2006,33,83
2024,2006,34,93
2025,2006,35,96
2026,2006,36,108
2027,2006,37,105
2028,2006,38,120
2029,2006,39,115
2030,2006,40,104
2031,2006,41,109
2032,2006,42,113
2033,2006,43,109
2034,2006,44,87
2035,2006,45,122
2036,2006,46,95
2037,2006,47,99
2038,2006,48,84
2039,2006,49,81
2040,2006,50,79
2041,2006,51,70
2042,2006,52,81
2043,2006,53,98
2044,2006,54,84
2045,2006,55,88
2046,2006,56,83
2047,2006,57,88
2048,2006,58,83
2049,2006,59,72
2050,2006,60,56
2051,2006,61,55
2052,2006,62,55
2053,2006,63,61
2054,2006,64,51
2055,2006,65,37
2056,2006,66,44
2057,2006,67,31
2058,2006,68,47
2059,2006,69,33
2060,2006,70,31
2061,2006,71,35
2062,2006,72,31
2063,2006,73,23
2064,2006,74,28
2065,2006,75,29
2066,2006,76,38
2067,2006,77,32
2068,2006,78,20
2069,2006,79,19
2070,2006,80,23
2071,2006,81,19
2072,2006,82,23
2073,2006,83,26
2074,2006,84,27
2075,2006,85,29
2076,2006,86,15
2077,2006,87,11
2078,2006,88,9
2079,2006,89,8
2080,2007,10,0
2081,2007,11,0
2082,2007,12,0
2083,2007,13,3
2084,2007,14,4
2085,2007,15,12
2086,2007,16,20
2087,2007,17,22
2088,2007,18,33
2089,2007,19,41
2090,2007,20,48
2091,2007,21,54
2092,2007,22,57
2093,2007,23,49
2094,2007,24,59
2095,2007,25,56
2096,2007,26,72
2097,2007,27,58
2098,2007,28,74
2099,2007,29,64
2100,2007,30,77
2101,2007,31,84
2102,2007,32,87
2103,2007,33,100
2104,2007,34,85
2105,2007,35,86
2106,2007,36,113
2107,2007,37,103
2108,2007,38,106
2109,2007,39,114
2110,2007,40,112
2111,2007,41,104
2112,2007,42,107
2113,2007,43,90
2114,2007,44,111
2115,2007,45,80
2116,2007,46,90
2117,2007,47,101
2118,2007,48,85
2119,2007,49,79
2120,2007,50,76
2121,2007,51,81
2122,2007,52,74
2123,2007,53,79
2124,2007,54,72
2125,2007,55,61
2126,2007,56,79
2127,2007,57,68
2128,2007,58,75
2129,2007,59,68
2130,2007,60,53
2131,2007,61,49
2132,2007,62,65
2133,2007,63,62
2134,2007,64,46
2135,2007,65,36
2136,2007,66,29
2137,2007,67,32
2138,2007,68,43
2139,2007,69,39
2140,2007,70,21
2141,2007,71,24
2142,2007,72,28
2143,2007,73,27
2144,2007,74,27
2145,2007,75,24
2146,2007,76,32
2147,2007,77,22
2148,2007,78,26
2149,2007,79,27
2150,2007,80,27
2151,2007,81,25
2152,2007,82,33
2153,2007,83,25
2154,2007,84,17
2155,2007,85,19
2156,2007,86,21
2157,2007,87,14
2158,2007,88,10
2159,2007,89,10
2160,2008,10,1
2161,2008,11,0
2162,2008,12,2
2163,2008,13,3
2164,2008,14,2
2165,2008,15,9
2166,2008,16,14
2167,2008,17,29
2168,2008,18,34
2169,2008,19,44
2170,2008,20,62
2171,2008,21,58
2172,2008,22,59
2173,2008,23,63
2174,2008,24,80
2175,2008,25,72
2176,2008,26,74
2177,2008,27,75
2178,2008,28,71
2179,2008,29,82
2180,2008,30,75
2181,2008,31,77
2182,2008,32,87
2183,2008,33,86
2184,2008,34,86
2185,2008,35,97
2186,2008,36,106
2187,2008,37,97
2188,2008,38,106
2189,2008,39,114
2190,2008,40,104
2191,2008,41,123
2192,2008,42,117
2193,2008,43,133
2194,2008,44,112
2195,2008,45,103
2196,2008,46,96
2197,2008,47,109
2198,2008,48,88
2199,2008,49,89
2200,2008,50,102
2201,2008,51,101
2202,2008,52,64
2203,2008,53,72
2204,2008,54,90
2205,2008,55,90
2206,2008,56,62
2207,2008,57,71
2208,2008,58,69
2209,2008,59,73
2210,2008,60,70
2211,2008,61,62
2212,2008,62,44
2213,2008,63,53
2214,2008,64,51
2215,2008,65,43
2216,2008,66,38
2217,2008,67,24
2218,2008,68,41
2219,2008,69,34
2220,2008,70,32
2221,2008,71,33
2222,2008,72,32
2223,2008,73,31
2224,2008,74,30
2225,2008,75,33
2226,2008,76,24
2227,2008,77,20
2228,2008,78,23
2229,2008,79,22
2230,2008,80,25
2231,2008,81,27
2232,2008,82,25
2233,2008,83,21
2234,2008,84,26
2235,2008,85,12
2236,2008,86,27
2237,2008,87,12
2238,2008,88,7
2239,2008,89,7
2240,2009,10,0
2241,2009,11,0
2242,2009,12,0
2243,2009,13,1
2244,2009,14,1
2245,2009,15,11
2246,2009,16,16
2247,2009,17,20
2248,2009,18,37
2249,2009,19,48
2250,2009,20,51
2251,2009,21,58
2252,2009,22,52
2253,2009,23,70
2254,2009,24,69
2255,2009,25,74
2256,2009,26,82
2257,2009,27,85
2258,2009,28,97
2259,2009,29,75
2260,2009,30,83
2261,2009,31,44
2262,2009,32,62
2263,2009,33,73
2264,2009,34,92
2265,2009,35,112
2266,2009,36,87
2267,2009,37,107
2268,2009,38,114
2269,2009,39,124
2270,2009,40,125
2271,2009,41,121
2272,2009,42,112
2273,2009,43,126
2274,2009,44,108
2275,2009,45,119
2276,2009,46,117
2277,2009,47,110
2278,2009,48,102
2279,2009,49,83
2280,2009,50,96
2281,2009,51,89
2282,2009,52,85
2283,2009,53,89
2284,2009,54,79
2285,2009,55,93
2286,2009,56,80
2287,2009,57,74
2288,2009,58,73
2289,2009,59,57
2290,2009,60,65
2291,2009,61,58
2292,2009,62,65
2293,2009,63,51
2294,2009,64,50
2295,2009,65,42
2296,2009,66,39
2297,2009,67,33
2298,2009,68,31
2299,2009,69,41
2300,2009,70,27
2301,2009,71,35
2302,2009,72,30
2303,2009,73,24
2304,2009,74,32
2305,2009,75,35
2306,2009,76,23
2307,2009,77,25
2308,2009,78,31
2309,2009,79,24
2310,2009,80,29
2311,2009,81,24
2312,2009,82,24
2313,2009,83,29
2314,2009,84,16
2315,2009,85,15
2316,2009,86,15
2317,2009,87,19
2318,2009,88,12
2319,2009,89,15
2320,2010,10,0
2321,2010,11,0
2322,2010,12,0
2323,2010,13,1
2324,2010,14,1
2325,2010,15,9
2326,2010,16,12
2327,2010,17,20
2328,2010,18,33
2329,2010,19,36
2330,2010,20,49
2331,2010,21,70
2332,2010,22,56
2333,2010,23,76
2334,2010,24,69
2335,2010,25,61
2336,2010,26,55
2337,2010,27,54
2338,2010,28,63
2339,2010,29,78
2340,2010,30,71
2341,2010,31,69
2342,2010,32,78
2343,2010,33,70
2344,2010,34,81
2345,2010,35,77
2346,2010,36,86
2347,2010,37,103
2348,2010,38,108
2349,2010,39,108
2350,2010,40,106
2351,2010,41,105
2352,2010,42,105
2353,2010,43,120
2354,2010,44,113
2355,2010,45,110
2356,2010,46,107
2357,2010,47,90
2358,2010,48,104
2359,2010,49,106
2360,2010,50,97
2361,2010,51,82
2362,2010,52,109
2363,2010,53,72
2364,2010,54,89
2365,2010,55,67
2366,2010,56,89
2367,2010,57,77
2368,2010,58,77
2369,2010,59,70
2370,2010,60,76
2371,2010,61,73
2372,2010,62,60
2373,2010,63,66
2374,2010,64,53
2375,2010,65,34
2376,2010,66,44
2377,2010,67,34
2378,2010,68,42
2379,2010,69,27
2380,2010,70,25
2381,2010,71,33
2382,2010,72,30
2383,2010,73,29
2384,2010,74,38
2385,2010,75,27
2386,2010,76,20
2387,2010,77,24
2388,2010,78,29
2389,2010,79,34
2390,2010,80,16
2391,2010,81,35
2392,2010,82,23
2393,2010,83,26
2394,2010,84,22
2395,2010,85,17
2396,2010,86,12
2397,2010,87,19
2398,2010,88,9
2399,2010,89,10
2400,2011,10,0
2401,2011,11,0
2402,2011,12,2
2403,2011,13,4
2404,2011,14,3
2405,2011,15,9
2406,2011,16,15
2407,2011,17,24
2408,2011,18,43
2409,2011,19,50
2410,2011,20,56
2411,2011,21,75
2412,2011,22,79
2413,2011,23,57
2414,2011,24,59
2415,2011,25,79
2416,2011,26,60
2417,2011,27,68
2418,2011,28,74
2419,2011,29,77
2420,2011,30,81
2421,2011,31,85
2422,2011,32,69
2423,2011,33,68
2424,2011,34,77
2425,2011,35,79
2426,2011,36,77
2427,2011,37,115
2428,2011,38,115
2429,2011,39,100
2430,2011,40,109
2431,2011,41,123
2432,2011,42,131
2433,2011,43,119
2434,2011,44,147
2435,2011,45,128
2436,2011,46,121
2437,2011,47,112
2438,2011,48,107
2439,2011,49,119
2440,2011,50,104
2441,2011,51,116
2442,2011,52,118
2443,2011,53,102
2444,2011,54,104
2445,2011,55,90
2446,2011,56,88
2447,2011,57,70
2448,2011,58,71
2449,2011,59,54
2450,2011,60,63
2451,2011,61,55
2452,2011,62,62
2453,2011,63,57
2454,2011,64,72
2455,2011,65,35
2456,2011,66,49
2457,2011,67,48
2458,2011,68,36
2459,2011,69,27
2460,2011,70,42
2461,2011,71,28
2462,2011,72,29
2463,2011,73,36
2464,2011,74,37
2465,2011,75,28
2466,2011,76,27
2467,2011,77,23
2468,2011,78,22
2469,2011,79,32
2470,2011,80,30
2471,2011,81,26
2472,2011,82,24
2473,2011,83,19
2474,2011,84,22
2475,2011,85,9
2476,2011,86,12
2477,2011,87,21
2478,2011,88,21
2479,2011,89,18
2480,2012,10,0
2481,2012,11,1
2482,2012,12,1
2483,2012,13,2
2484,2012,14,2
2485,2012,15,5
2486,2012,16,16
2487,2012,17,23
2488,2012,18,44
2489,2012,19,37
2490,2012,20,68
2491,2012,21,57
2492,2012,22,59
2493,2012,23,76
2494,2012,24,65
2495,2012,25,71
2496,2012,26,64
2497,2012,27,69
2498,2012,28,90
2499,2012,29,93
2500,2012,30,84
2501,2012,31,94
2502,2012,32,76
2503,2012,33,74
2504,2012,34,83
2505,2012,35,90
2506,2012,36,77
2507,2012,37,98
2508,2012,38,94
2509,2012,39,106
2510,2012,40,135
2511,2012,41,116
2512,2012,42,107
2513,2012,43,128
2514,2012,44,119
2515,2012,45,135
2516,2012,46,137
2517,2012,47,130
2518,2012,48,126
2519,2012,49,107
2520,2012,50,113
2521,2012,51,104
2522,2012,52,98
2523,2012,53,105
2524,2012,54,109
2525,2012,55,109
2526,2012,56,73
2527,2012,57,83
2528,2012,58,72
2529,2012,59,59
2530,2012,60,63
2531,2012,61,62
2532,2012,62,56
2533,2012,63,54
2534,2012,64,51
2535,2012,65,62
2536,2012,66,46
2537,2012,67,43
2538,2012,68,35
2539,2012,69,31
2540,2012,70,29
2541,2012,71,22
2542,2012,72,30
2543,2012,73,35
2544,2012,74,30
2545,2012,75,23
2546,2012,76,30
2547,2012,77,24
2548,2012,78,22
2549,2012,79,21
2550,2012,80,30
2551,2012,81,25
2552,2012,82,18
2553,2012,83,18
2554,2012,84,20
2555,2012,85,16
2556,2012,86,25
2557,2012,87,14
2558,2012,88,18
2559,2012,89,6
2560,2013,10,0
2561,2013,11,0
2562,2013,12,0
2563,2013,13,0
2564,2013,14,5
2565,2013,15,10
2566,2013,16,20
2567,2013,17,23
2568,2013,18,33
2569,2013,19,49
2570,2013,20,58
2571,2013,21,56
2572,2013,22,53
2573,2013,23,79
2574,2013,24,73
2575,2013,25,74
2576,2013,26,61
2577,2013,27,67
2578,2013,28,64
2579,2013,29,69
2580,2013,30,87
2581,2013,31,85
2582,2013,32,85
2583,2013,33,84
2584,2013,34,74
2585,2013,35,73
2586,2013,36,102
2587,2013,37,98
2588,2013,38,86
2589,2013,39,131
2590,2013,40,106
2591,2013,41,115
2592,2013,42,116
2593,2013,43,135
2594,2013,44,141
2595,2013,45,133
2596,2013,46,127
2597,2013,47,113
2598,2013,48,130
2599,2013,49,148
2600,2013,50,125
2601,2013,51,115
2602,2013,52,109
2603,2013,53,97
2604,2013,54,122
2605,2013,55,86
2606,2013,56,97
2607,2013,57,95
2608,2013,58,86
2609,2013,59,95
2610,2013,60,66
2611,2013,61,72
2612,2013,62,66
2613,2013,63,58
2614,2013,64,70
2615,2013,65,50
2616,2013,66,56
2617,2013,67,41
2618,2013,68,38
2619,2013,69,49
2620,2013,70,38
2621,2013,71,34
2622,2013,72,27
2623,2013,73,41
2624,2013,74,32
2625,2013,75,34
2626,2013,76,30
2627,2013,77,28
2628,2013,78,22
2629,2013,79,28
2630,2013,80,22
2631,2013,81,27
2632,2013,82,18
2633,2013,83,28
2634,2013,84,30
2635,2013,85,27
2636,2013,86,15
2637,2013,87,18
2638,2013,88,19
2639,2013,89,18
2640,2014,10,0
2641,2014,11,0
2642,2014,12,0
2643,2014,13,0
2644,2014,14,7
2645,2014,15,21
2646,2014,16,23
2647,2014,17,31
2648,2014,18,27
2649,2014,19,54
2650,2014,20,55
2651,2014,21,50
2652,2014,22,70
2653,2014,23,78
2654,2014,24,67
2655,2014,25,62
2656,2014,26,80
2657,2014,27,74
2658,2014,28,90
2659,2014,29,70
2660,2014,30,84
2661,2014,31,78
2662,2014,32,80
2663,2014,33,76
2664,2014,34,96
2665,2014,35,88
2666,2014,36,77
2667,2014,37,73
2668,2014,38,95
2669,2014,39,91
2670,2014,40,119
2671,2014,41,122
2672,2014,42,111
2673,2014,43,125
2674,2014,44,120
2675,2014,45,131
2676,2014,46,118
2677,2014,47,125
2678,2014,48,127
2679,2014,49,153
2680,2014,50,150
2681,2014,51,121
2682,2014,52,111
2683,2014,53,126
2684,2014,54,114
2685,2014,55,91
2686,2014,56,91
2687,2014,57,78
2688,2014,58,78
2689,2014,59,87
2690,2014,60,72
2691,2014,61,65
2692,2014,62,59
2693,2014,63,44
2694,2014,64,66
2695,2014,65,42
2696,2014,66,71
2697,2014,67,54
2698,2014,68,35
2699,2014,69,51
2700,2014,70,46
2701,2014,71,51
2702,2014,72,41
2703,2014,73,26
2704,2014,74,30
2705,2014,75,33
2706,2014,76,35
2707,2014,77,32
2708,2014,78,27
2709,2014,79,25
2710,2014,80,30
2711,2014,81,32
2712,2014,82,21
2713,2014,83,16
2714,2014,84,26
2715,2014,85,27
2716,2014,86,21
2717,2014,87,15
2718,2014,88,19
2719,2014,89,9
2720,2015,10,0
2721,2015,11,0
2722,2015,12,1
2723,2015,13,3
2724,2015,14,5
2725,2015,15,21
2726,2015,16,19
2727,2015,17,39
2728,2015,18,46
2729,2015,19,61
2730,2015,20,55
2731,2015,21,66
2732,2015,22,66
2733,2015,23,81
2734,2015,24,71
2735,2015,25,73
2736,2015,26,78
2737,2015,27,63
2738,2015,28,80
2739,2015,29,90
2740,2015,30,82
2741,2015,31,73
2742,2015,32,109
2743,2015,33,95
2744,2015,34,82
2745,2015,35,85
2746,2015,36,92
2747,2015,37,80
2748,2015,38,82
2749,2015,39,95
2750,2015,40,92
2751,2015,41,102
2752,2015,42,108
2753,2015,43,95
2754,2015,44,133
2755,2015,45,111
2756,2015,46,119
2757,2015,47,126
2758,2015,48,128
2759,2015,49,117
2760,2015,50,129
2761,2015,51,126
2762,2015,52,99
2763,2015,53,108
2764,2015,54,115
2765,2015,55,111
2766,2015,56,102
2767,2015,57,98
2768,2015,58,88
2769,2015,59,67
2770,2015,60,85
2771,2015,61,73
2772,2015,62,59
2773,2015,63,61
2774,2015,64,61
2775,2015,65,60
2776,2015,66,50
2777,2015,67,67
2778,2015,68,52
2779,2015,69,40
2780,2015,70,41
2781,2015,71,48
2782,2015,72,36
2783,2015,73,40
2784,2015,74,27
2785,2015,75,32
2786,2015,76,33
2787,2015,77,29
2788,2015,78,27
2789,2015,79,27
2790,2015,80,33
2791,2015,81,27
2792,2015,82,23
2793,2015,83,31
2794,2015,84,20
2795,2015,85,18
2796,2015,86,29
2797,2015,87,16
2798,2015,88,13
2799,2015,89,12
2800,2016,10,0
2801,2016,11,0
2802,2016,12,0
2803,2016,13,0
2804,2016,14,2
2805,2016,15,10
2806,2016,16,26
2807,2016,17,29
2808,2016,18,49
2809,2016,19,46
2810,2016,20,53
2811,2016,21,72
2812,2016,22,76
2813,2016,23,66
2814,2016,24,91
2815,2016,25,76
2816,2016,26,82
2817,2016,27,71
2818,2016,28,77
2819,2016,29,84
2820,2016,30,97
2821,2016,31,87
2822,2016,32,87
2823,2016,33,74
2824,2016,34,85
2825,2016,35,83
2826,2016,36,85
2827,2016,37,86
2828,2016,38,75
2829,2016,39,81
2830,2016,40,100
2831,2016,41,97
2832,2016,42,80
2833,2016,43,112
2834,2016,44,138
2835,2016,45,113
2836,2016,46,115
2837,2016,47,123
2838,2016,48,109
2839,2016,49,107
2840,2016,50,114
2841,2016,51,124
2842,2016,52,135
2843,2016,53,114
2844,2016,54,91
2845,2016,55,100
2846,2016,56,104
2847,2016,57,81
2848,2016,58,83
2849,2016,59,87
2850,2016,60,62
2851,2016,61,63
2852,2016,62,70
2853,2016,63,48
2854,2016,64,42
2855,2016,65,53
2856,2016,66,49
2857,2016,67,53
2858,2016,68,53
2859,2016,69,38
2860,2016,70,38
2861,2016,71,32
2862,2016,72,36
2863,2016,73,32
2864,2016,74,26
2865,2016,75,26
2866,2016,76,22
2867,2016,77,28
2868,2016,78,19
2869,2016,79,22
2870,2016,80,21
2871,2016,81,25
2872,2016,82,26
2873,2016,83,23
2874,2016,84,23
2875,2016,85,16
2876,2016,86,19
2877,2016,87,18
2878,2016,88,11
2879,2016,89,12
2880,2017,10,0
2881,2017,11,0
2882,2017,12,0
2883,2017,13,4
2884,2017,14,6
2885,2017,15,13
2886,2017,16,26
2887,2017,17,26
2888,2017,18,44
2889,2017,19,68
2890,2017,20,52
2891,2017,21,48
2892,2017,22,65
2893,2017,23,62
2894,2017,24,63
2895,2017,25,74
2896,2017,26,74
2897,2017,27,86
2898,2017,28,75
2899,2017,29,78
2900,2017,30,78
2901,2017,31,73
2902,2017,32,91
2903,2017,33,101
2904,2017,34,76
2905,2017,35,78
2906,2017,36,97
2907,2017,37,84
2908,2017,38,79
2909,2017,39,81
2910,2017,40,74
2911,2017,41,107
2912,2017,42,92
2913,2017,43,114
2914,2017,44,91
2915,2017,45,123
2916,2017,46,115
2917,2017,47,120
2918,2017,48,114
2919,2017,49,126
2920,2017,50,94
2921,2017,51,123
2922,2017,52,108
2923,2017,53,104
2924,2017,54,108
2925,2017,55,96
2926,2017,56,80
2927,2017,57,103
2928,2017,58,83
2929,2017,59,58
2930,2017,60,69
2931,2017,61,63
2932,2017,62,54
2933,2017,63,63
2934,2017,64,47
2935,2017,65,54
2936,2017,66,55
2937,2017,67,48
2938,2017,68,48
2939,2017,69,41
2940,2017,70,45
2941,2017,71,39
2942,2017,72,34
2943,2017,73,43
2944,2017,74,24
2945,2017,75,37
2946,2017,76,30
2947,2017,77,27
2948,2017,78,33
2949,2017,79,23
2950,2017,80,21
2951,2017,81,12
2952,2017,82,25
2953,2017,83,19
2954,2017,84,15
2955,2017,85,18
2956,2017,86,23
2957,2017,87,14
2958,2017,88,17
2959,2017,89,18
